level_uuid,name
0ApjN0EmmtQgStfklWJx2,NumFall
1NfUw5OQtQqHeNS1Bmyny,#00ff00ffEmerald
1rqj5Eiqn2gqqFFGmfSvg,Field of wormholes
1wYWYJoSae2r3RvjvDwp3,Khorne's Box
4HtPcf4TvR2A6W8lzVcRr,#ff000099E#ff000080s#ff000055k#ff000030i#ff000010v#505050ffG#404040ffh#303030ff#202020ffo#101010ffs#050505fft
4SxY4CpWSQKLAEWVA63Zn,#ffffffffS#22ff44ffu#ffffffffm#22ff44ffm#ffffffffo#22ff44ffn#ffffffffe#22ff44ffr
6cyZW8LspfvQhTNuMhGeN,#ff2030ffUFO#306090ffMania
7fa9_mUjTldAgdgDmrB4q,#80ff20ffDon't touch grass
81TpajqWIlSXYmZrfjSjw,Inertiac World
8Q4kCBw3ihiwZJsCp7R6b,Timebomb
8moMdFFM34sHzu1YZCMHl,#86fa5fffEskiv #ff0000ff1024
9871aKvEAJ7nUY6TI6NNQ,Inertiacs RAGE
9lLsHWhsO4SxfAOErBHOe,#2039f0ffDeadline
APYMJWtMO1sIHhhGjp6iB,Triskiv
B6QvndkC2LW8O6Jp1HsjB,#0bbaffffWaves Blue
BJ2KMIkQBKCdzI0xq0ABc,#ffff00ffBaf #2596beffRain
C2RHXNcDabo5KWzrw0cop,#0000ffffRo#ff0000ffu#00ff00ffle#ffff00fft#ff00ffffte#00ffffff!
D7RfAt7ZhAcCe7XKnJxt5,#ff03ffffCR#ffffffffAS#ffff00ffBAF
DKDEYSsEgdjElLWg7Nw0R,#0099ffff0#ff0000ff8#0099ffff0#0099ffff0
DnzLdegDTaF1u0OdOnxZx,#ff00ffffC#ffff00ffh#00ffffffa#ff0000ffl#00ff00ffl#0000ffffe#9999ffffn#ff9999ffg#99ff99ffe #ffffffff4
E4bXiWnXmyqdYHnkeGqUJ,#560000ffT#520000ffh#480000ffe #440000ffD#400000ffe#360000ffp#320000fft#280000ffh#240000ffs #200000ffo#180000fff #160000ffA#120000ffg#080000ffo#040000ffn#000000ffy
E7aMX6rxjacUwv8wH82Wt,Waves Red
Eeqlk0cYSvpRhEYbJnEGq,MID#89f0ebffNIGHT
EhHs75INFybVH_JiYKuWU,#00fffbffDodge #f6ff00ffBafs
Fwrhv7Ki_0cWN5qLRPBY8,#8b29ffffVirtual Dream
G11woDoCr23OFeTLSeHlU,#7000ffffInvasion
GQ1L23gb5ksVXKMaI2Wat,#00ffffffHexa#00ff00ffskiv
HlGj39ziiJUkGJTFKrT4H,#be1f64ffP#ff0000ffo#c74b00ffl#00ff00ffy#00f6c1ffg#be1f64ffo#ff0000ffn#c74b00ffs
HpfC42TNwH5AEmvWkkQof,Simon Says
JslegBRVETOgbjSkohjBg,#ff0000ffMot#ff0070ffher#00ffffffship #00ff00ffMix
KTN7DudFR2ja4uYl4i39_,#2049ceffThe #28c10cffGenerator
MjglrGsOEzNyerfjWnE9S,Intro
N2rTjBapnHoHk4J96wBhf,Cage theory
OMwgNUlxFJehgAuxylIOA,#ff0030ffX#30afffffcrush
Om8xrkBMgDfX4fuyJYVk1,#001affffPew-Man
OqbntT5G0qJO1kxeP1jpT,#ff6020ffCozone
PJEieMdh5kBQIRw7ltAD2,#30ff80d0Untouchable
RHl42tQqV4o2D0UiC5m40,#00ff1affzale
RU5LAgKefz5BZY19KLoCP,#ff000040W#ff000050r#ff000030a#ff000070t#ff000050h
RwTg2aQLsJKBpt3VETRQG,#ffffff55Claustrophobia
TizfulCYU06IAPPkelVnB,#00ff00ffLaser
VAQ5bWlqAsAOCjiAwQlJF,#ff0061f9_=NEO #5100ffffGRID=_
XhZg3l2wPdEFKIfwUbE6Q,Bombardment
YLnrN_6dpWCHoFXiOMS2W,#673ab7ffPurple World
Yf55GvAzKh6aUTKMDBIpe,#ff8800ffChallenge 2
Yzv5XQfWLo0n1jU4i8edH,#ffff00ffCubes #ffffffffand #ff0000ffSquares #33ff33ff+
ZgllNqbQ1i5RfnvyyDwhY,#80ff00ffRolling Cubes#ffffffff and #aa10ffffSpinning Hexagons
ZlxFwr1dXdXsZslFNyzL_,#FFF000FFInertiacs #FF9300FFspawner
Zo2LEt6kJAUByB37JIeK_,#3010ffffCube Prison
ag9zfnBld3Bldy1vbmxpbmVyFwsSCkxldmVsRW50cnkYgICA-rvmjQsM,#ee0000ffAngry #ffffffffKouglof
ag9zfnBld3Bldy1vbmxpbmVyFwsSCkxldmVsRW50cnkYgICAqo6EoQkM,Restanvi
ag9zfnBld3Bldy1vbmxpbmVyFwsSCkxldmVsRW50cnkYgICAsqqUsggM,Hexagon: Challenge 1
ag9zfnBld3Bldy1vbmxpbmVyFwsSCkxldmVsRW50cnkYgICAuv6RrwoM,Heavy Plummet
ag9zfnBld3Bldy1vbmxpbmVyFwsSCkxldmVsRW50cnkYgICAwpWehgkM,Waves Pro
ag9zfnBld3Bldy1vbmxpbmVyFwsSCkxldmVsRW50cnkYgICAws3MmwkM,Linkage
ag9zfnBld3Bldy1vbmxpbmVyFwsSCkxldmVsRW50cnkYgICAyv2e2woM,Bee Hive
asteroids,#cfcfcfffAsteroids
bccv8gaex2JwCXYEj1yJS,#00e5ffffCube
bpprOLBAjF6hFL1wKvfMJ,#cc555599Duel
ccAHd_9A1WhMf458BrRXB,#FFFFFF70Blindness
ceasefire,#1616ffffCeasefire
e3bQkXLwZxBJlWn0XD_v5,#7affc3ffMadreinka
eskiv,#86fa5fffEskiv
fMl0qqG4DSegLafEQFvvq,#ffff99ffChallenge 1
fury,#ff8330ffFury
hexagon,#5bfce4ffHexagon
i3lCbEwS0VtMjtSqivd9c,Interdimensional problems
iuCC8YPMdzrgESaOiqKc4,Bouncy Recoil
jSm8oA3VvXxn4TmISdMEh,#6131ffffPacifism #ff1144ffL#ff86b9ffi#05ffffffv#ffffffffe
kB5t864Jh_eoJOng21VCq,Challenge 3
lgUZ7OQZlVc5HUHFoGgLd,#ff1100ffHellskiv
mTRQoEASAjJoYSFTCN0wP,#0404f7fffelp
mzaIpL6hj2OVImwwPNIwF,Deadzone
pandemonium,#ff88ccffPandemonium
partitioner,#66ff88ffPartitioner
pnoksVSPYlAcGMb62KoVh,Cubes and Squares?
r0wvVoXcZ1XauROJdts5L,#ffaa0050S#ffcc0080y#ffee00aan#ffff00ffthe#ffee00aas#ffcc0080i#ffaa0050s
r6tB425YS638C1Ij_DQEx,Just Pong
slywgaLb97yKLnysnzacj,Stripped Hell
symbiosis,#ff9999ffSymbiosis
tmnIEV3mrTNcrRzoZEB77,Marching cubes v2
uAeBBrmuzKIqLNQKwM1HG,#ff0000ffNO we #ffffffffr#00ff1affL#ffffffffK#931b21ffira
vJqshN0BpN7wRu4nijkmQ,#ff0000ffCrush #ffffffffThe #ffff00ffCasuals#ffffffff!
waves,#fcf85dffWaves
xo8lychHUy7lass08Cyjb,Pew Pong
